"id","airport_ref","airport_ident","length_ft","width_ft","surface","lighted","closed","le_ident","le_latitude_deg","le_longitude_deg","le_elevation_ft","le_heading_degT","le_displaced_threshold_ft","he_ident","he_latitude_deg","he_longitude_deg","he_elevation_ft","he_heading_degT","he_displaced_threshold_ft"
244458,3486,"KDEN",12000,150,"CON",1,0,"07",39.84090042114258,-104.72699737548828,5347,90.5,,"25",39.8406982421875,-104.68399810791016,5352,270.5,
244459,3486,"KDEN",12000,150,"CON",1,0,"08",39.877601623535156,-104.66200256347656,5351,90.5,,"26",39.877201080322266,-104.61900329589844,5291,270.5,
244461,3486,"KDEN",12000,150,"CON",1,0,"16L",39.89699935913086,-104.68699645996094,5347,180.5,,"34R",39.86410140991211,-104.68699645996094,5351,0.5,
244460,3486,"KDEN",16000,200,"CON",1,0,"16R",39.89580154418945,-104.69599914550781,5319,180.5,,"34L",39.851898193359375,-104.6969985961914,5324,0.5,
244463,3486,"KDEN",12000,150,"CON",1,0,"17L",39.8650016784668,-104.64099884033203,5325,180.5,,"35R",39.832000732421875,-104.64199829101562,5367,0.5,
244462,3486,"KDEN",12000,150,"CON",1,0,"17R",39.86119842529297,-104.66000366210938,5374,180.5,,"35L",39.82830047607422,-104.66100311279297,5431,0.5,
240920,3632,"KLAX",8926,150,"CON",1,0,"6L",33.949119,-118.431187,112,83,,"24R",33.952112,-118.401954,117,263,
240919,3632,"KLAX",10859,150,"CON",1,0,"6R",33.94682,-118.434693,108,83,530,"24L",33.95047,-118.399063,111,263,800
240922,3632,"KLAX",12894,150,"CON",1,0,"7L",33.935556,-118.422089,119,83,830,"25R",33.939881,-118.379794,94,263,950
240921,3632,"KLAX",11095,200,"CON",1,0,"7R",33.933659,-118.419074,118,83,,"25L",33.937371,-118.3827,95,263,
